Time,H3LIS_X,H3LIS_Y,H3LIS_Z,MPU6050_Accel_X,MPU6050_Accel_Y,MPU6050_Accel_Z,MPU6050_Gyro_X,MPU6050_Gyro_Y,MPU6050_Gyro_Z,Pressure,Altitude,Temperature,Vertical_Speed,GPS_Latitude,GPS_Longitude,GPS_Speed,GPS_Course,Phase,CPU_Temp,CPU_Usage,Memory_Usage,Disk_Usage
0.0004417896270751953,-3.6561055183410645,-5.363171100616455,11.417469024658203,0.790086567401886,0.2825157940387726,8.406042098999023,-0.030243491753935814,-0.006528330966830254,0.016520673409104347,1008.8435668945312,36.75018310546875,24.744524002075195,81298.234375,0.0,0.0,0.0,0.0,0.0,43.470001220703125,18.200000762939453,37.099998474121094,19.899999618530273
0.03388833999633789,2.5688188076019287,-4.884331226348877,10.938628196716309,0.811634361743927,0.2585737705230713,8.384493827819824,-0.02651301771402359,-0.004263399634510279,0.013056661933660507,1008.854736328125,36.65678787231445,24.758407592773438,-2.7923126220703125,0.0,0.0,0.0,0.0,0.0,44.007999420166016,19.100000381469727,38.0,19.899999618530273
0.9187238216400146,0.17461711168289185,1.3405933380126953,15.727031707763672,0.8379705548286438,0.21308395266532898,8.391676902770996,-0.02851148508489132,-0.0038637060206383467,0.010658498853445053,1008.9347534179688,35.988624572753906,24.73526954650879,-0.755129873752594,0.0,0.0,0.0,0.0,0.0,44.007999420166016,32.0,38.0,19.899999618530273
0.9768781661987305,-2.698424816131592,2.298274040222168,12.853989601135254,0.8523358106613159,0.24899697303771973,8.310274124145508,-0.02584686130285263,-0.00679479306563735,0.01745329238474369,1008.8775634765625,36.466068267822266,24.753780364990234,8.209892272949219,53.51292037963867,-2.216686725616455,0.2800000011920929,196.1699981689453,0.0,44.007999420166016,27.600000381469727,38.29999923706055,19.899999618530273
1.0520672798156738,2.0899784564971924,-2.490129232406616,8.06558609008789,0.8858546018600464,0.3016694188117981,8.427589416503906,-0.026646248996257782,-0.006128637120127678,0.015454824082553387,1008.9000854492188,36.27798080444336,24.767663955688477,-2.501513719558716,0.0,0.0,0.0,0.0,0.0,44.007999420166016,14.300000190734863,38.29999923706055,19.899999618530273
1.085489273071289,-0.783063530921936,-2.9689695835113525,4.7137041091918945,0.8547300100326538,0.2537853717803955,8.398859024047852,-0.03210872784256935,-0.004929556045681238,0.019718224182724953,1008.9114379882812,36.18327713012695,24.781545639038086,-2.8334522247314453,0.0,0.0,0.0,0.0,0.0,44.007999420166016,0.0,38.29999923706055,19.899999618530273
1.118912696838379,-1.7407442331314087,-2.9689695835113525,13.332830429077148,0.8283937573432922,0.2322375625371933,8.31985092163086,-0.026246555149555206,-0.0075941807590425014,0.0189188364893198,1008.8997802734375,36.2806396484375,24.786174774169922,2.912916898727417,0.0,0.0,0.0,0.0,0.0,43.470001220703125,7.699999809265137,38.29999923706055,19.899999618530273
1.1523585319519043,4.005339622497559,-3.447809934616089,6.62906551361084,0.8020575642585754,0.272938996553421,8.317456245422363,-0.029577335342764854,-0.00559571199119091,0.014655436389148235,1008.9109497070312,36.18729019165039,24.790802001953125,-2.791069269180298,0.0,0.0,0.0,0.0,0.0,44.007999420166016,0.0,38.29999923706055,19.899999618530273
1.1857795715332031,-3.177265167236328,-9.193894386291504,8.544426918029785,0.8523358106613159,0.2801215946674347,8.382100105285645,-0.030509954318404198,-0.003197549842298031,0.017186829820275307,1008.8426513671875,36.75815963745117,24.795429229736328,17.081716537475586,0.0,0.0,0.0,0.0,0.0,44.007999420166016,7.099999904632568,38.29999923706055,19.899999618530273
1.219200849533081,0.6534574627876282,-5.363171100616455,14.290511131286621,0.7972691655158997,0.2825157940387726,8.408435821533203,-0.02864471636712551,-0.003197549842298031,0.013323124498128891,1008.8194580078125,36.951629638671875,24.80931282043457,5.788971900939941,0.0,0.0,0.0,0.0,0.0,44.007999420166016,7.699999809265137,38.400001525878906,19.899999618530273
1.252619743347168,-0.783063530921936,-6.320851802825928,12.853989601135254,0.7374141216278076,0.24899697303771973,8.35576343536377,-0.02371516078710556,-0.006528330966830254,0.015854516997933388,1008.8079833984375,37.04769515991211,24.813940048217773,2.874572277069092,0.0,0.0,0.0,0.0,0.0,44.007999420166016,0.0,38.400001525878906,19.899999618530273
1.2860360145568848,-4.134945869445801,0.38291266560554504,0.8829815983772278,0.773327112197876,0.30885201692581177,8.362946510314941,-0.026646248996257782,-0.005995405837893486,0.017053598538041115,1008.830810546875,36.856937408447266,24.813940048217773,-5.708386421203613,0.0,0.0,0.0,0.0,0.0,43.470001220703125,0.0,38.400001525878906,19.899999618530273
1.319490909576416,-0.783063530921936,-3.926650285720825,9.023266792297363,0.8164227604866028,0.30885201692581177,8.42040729522705,-0.030243491753935814,-0.004796324763447046,0.015454824082553387,1008.8421630859375,36.76224899291992,24.813940048217773,-2.8303112983703613,0.0,0.0,0.0,0.0,0.0,44.007999420166016,23.100000381469727,38.400001525878906,19.899999618530273
1.352921724319458,-0.783063530921936,-1.532448649406433,15.727031707763672,0.7709329128265381,0.24420857429504395,8.348581314086914,-0.02917764149606228,-0.0017320060869678855,0.017186829820275307,1008.864990234375,36.57149887084961,24.80931282043457,-5.70596981048584,0.0,0.0,0.0,0.0,0.0,44.007999420166016,23.100000381469727,38.400001525878906,19.899999618530273
1.386359453201294,-5.092626571655273,-2.011289119720459,8.544426918029785,0.8307879567146301,0.2753331959247589,8.374917030334473,-0.02851148508489132,-0.00679479306563735,0.01612097956240177,1008.8421630859375,36.76224899291992,24.813940048217773,5.704668045043945,0.0,0.0,0.0,0.0,0.0,44.007999420166016,30.799999237060547,38.400001525878906,19.899999618530273
1.4197874069213867,1.611138105392456,-4.405490875244141,5.671384811401367,0.7685387134552002,0.272938996553421,8.403647422790527,-0.024781011044979095,-0.004396630916744471,0.016387442126870155,1008.8534545898438,36.66756057739258,24.818567276000977,-2.8326263427734375,0.0,0.0,0.0,0.0,0.0,44.007999420166016,30.799999237060547,38.400001525878906,19.899999618530273
1.4532287120819092,-3.177265167236328,-0.09592767804861069,9.023266792297363,0.7972691655158997,0.272938996553421,8.324639320373535,-0.027712097391486168,-0.0066615622490644455,0.01958499290049076,1008.899169921875,36.28606033325195,24.82319450378418,-11.40810775756836,0.0,0.0,0.0,0.0,0.0,44.007999420166016,35.70000076293945,38.5,19.899999618530273
1.4866652488708496,0.17461711168289185,-0.5747680068016052,15.727031707763672,0.7948749661445618,0.29209259152412415,8.38688850402832,-0.031176110729575157,-0.007727412041276693,0.014788667671382427,1008.7621459960938,37.430606842041016,24.82319450378418,34.23042297363281,0.0,0.0,0.0,0.0,0.0,44.007999420166016,25.0,38.5,19.899999618530273
1.5200998783111572,-1.7407442331314087,-2.011289119720459,7.107905864715576,0.8188169598579407,0.2777273952960968,8.408435821533203,-0.02997702918946743,-0.0017320060869678855,0.015454824082553387,1008.7965087890625,37.14376449584961,24.82319450378418,-8.579212188720703,0.0,0.0,0.0,0.0,0.0,44.007999420166016,25.0,38.599998474121094,19.899999618530273
1.5535342693328857,0.17461711168289185,1.8194336891174316,9.502107620239258,0.7972691655158997,0.29448679089546204,8.408435821533203,-0.02784532867372036,-0.0019984685350209475,0.017586523666977882,1008.9104614257812,36.19137191772461,24.818567276000977,-28.486085891723633,0.0,0.0,0.0,0.0,0.0,44.007999420166016,30.799999237060547,38.599998474121094,19.899999618530273
1.5869715213775635,-3.177265167236328,-2.011289119720459,11.417469024658203,0.7613561153411865,0.2585737705230713,8.236053466796875,-0.023448698222637177,-0.0021316998172551394,0.01745329238474369,1008.8421630859375,36.76224899291992,24.82319450378418,17.07278823852539,0.0,0.0,0.0,0.0,0.0,44.007999420166016,28.600000381469727,38.599998474121094,19.899999618530273
1.6204018592834473,2.0899784564971924,-2.011289119720459,4.234863758087158,0.8283937573432922,0.29448679089546204,8.362946510314941,-0.028777947649359703,-0.003464012173935771,0.016520673409104347,1008.8419799804688,36.76362991333008,24.82319450378418,0.04126151278614998,0.0,0.0,0.0,0.0,0.0,44.007999420166016,30.799999237060547,38.599998474121094,19.899999618530273
1.6538381576538086,-0.3042232096195221,-7.757372856140137,12.375149726867676,0.7805097699165344,0.22744916379451752,8.341398239135742,-0.02851148508489132,-0.003064318560063839,0.018252680078148842,1008.8761596679688,36.47818374633789,24.818567276000977,-8.536932945251465,0.0,0.0,0.0,0.0,0.0,44.54600143432617,35.70000076293945,38.599998474121094,19.899999618530273
1.687269687652588,-2.698424816131592,-2.490129232406616,11.417469024658203,0.8236053586006165,0.22505494952201843,8.492233276367188,-0.030110260471701622,-0.00626186840236187,0.015721285715699196,1008.9332885742188,36.00062561035156,24.82319450378418,-14.284760475158691,0.0,0.0,0.0,0.0,0.0,44.007999420166016,30.799999237060547,38.599998474121094,19.899999618530273
1.720702886581421,-3.177265167236328,0.38291266560554504,11.896308898925781,0.8523358106613159,0.24420857429504395,8.339004516601562,-0.02997702918946743,-0.003597243456169963,0.015588055364787579,1008.8306274414062,36.85831832885742,24.813940048217773,25.653738021850586,0.0,0.0,0.0,0.0,0.0,44.007999420166016,25.0,38.599998474121094,19.899999618530273
1.7541615962982178,-3.177265167236328,-4.884331226348877,6.1502251625061035,0.811634361743927,0.27054479718208313,8.44434928894043,-0.026912709698081017,-0.0021316998172551394,0.016520673409104347,1008.899169921875,36.28606033325195,24.827823638916016,-17.103412628173828,0.0,0.0,0.0,0.0,0.0,44.007999420166016,35.70000076293945,38.599998474121094,19.899999618530273
1.7875945568084717,0.6534574627876282,1.8194336891174316,19.078914642333984,0.790086567401886,0.26815059781074524,8.413224220275879,-0.029710566624999046,-0.0019984685350209475,0.017586523666977882,1008.9674682617188,35.71519470214844,24.82319450378418,-17.074920654296875,0.0,0.0,0.0,0.0,0.0,44.007999420166016,28.600000381469727,38.70000076293945,19.899999618530273
1.8210279941558838,-6.050307273864746,0.38291266560554504,13.811670303344727,0.8212111592292786,0.2968810200691223,8.382100105285645,-0.028777947649359703,-0.0074609494768083096,0.020517611876130104,1008.8876342773438,36.382118225097656,24.818567276000977,19.948165893554688,0.0,0.0,0.0,0.0,0.0,44.007999420166016,30.799999237060547,39.20000076293945,19.899999618530273
1.854466438293457,-1.2619038820266724,-1.0536082983016968,6.1502251625061035,0.8427590131759644,0.2801215946674347,8.374917030334473,-0.028111791238188744,-0.0015987749211490154,0.018252680078148842,1008.9218139648438,36.096683502197266,24.827823638916016,-8.5361328125,0.0,0.0,0.0,0.0,0.0,44.007999420166016,31.600000381469727,34.5,19.899999618530273
1.940598964691162,0.17461711168289185,-4.405490875244141,17.16355323791504,0.8427590131759644,0.2753331959247589,8.384493827819824,-0.02997702918946743,-0.00506278732791543,0.015188361518085003,1008.9108276367188,36.18864059448242,24.80005645751953,1.0676698684692383,0.0,0.0,0.0,0.0,0.0,44.007999420166016,27.299999237060547,34.5,19.899999618530273
1.9988107681274414,-2.698424816131592,-2.011289119720459,3.756023645401001,0.8140285611152649,0.26575639843940735,8.44434928894043,-0.03210872784256935,-0.004663093481212854,0.013989279977977276,1008.7968139648438,37.141014099121094,24.80005645751953,16.360395431518555,53.512916564941406,-2.216681718826294,0.4699999988079071,196.1699981689453,0.0,44.007999420166016,10.300000190734863,34.599998474121094,19.899999618530273
2.07362699508667,-3.6561055183410645,-2.011289119720459,5.192544460296631,0.7685387134552002,0.26575639843940735,8.305485725402832,-0.02704594098031521,-0.0054624807089567184,0.01811944879591465,1008.8311157226562,36.85420608520508,24.786174774169922,-3.833500862121582,0.0,0.0,0.0,0.0,0.0,44.007999420166016,0.0,34.599998474121094,19.899999618530273
2.107222557067871,-0.3042232096195221,-2.011289119720459,19.078914642333984,0.8858546018600464,0.33039984107017517,8.382100105285645,-0.02584686130285263,-0.002931087277829647,0.016387442126870155,1008.8881225585938,36.378028869628906,24.80005645751953,-14.173900604248047,0.0,0.0,0.0,0.0,0.0,44.007999420166016,11.100000381469727,34.599998474121094,19.899999618530273
2.1406409740448,-1.7407442331314087,-2.011289119720459,9.980947494506836,0.7637503147125244,0.23942016065120697,8.334216117858887,-0.02931087277829647,-0.00626186840236187,0.015055130235850811,1008.84228515625,36.76087951660156,24.80931282043457,11.455857276916504,0.0,0.0,0.0,0.0,0.0,44.54600143432617,0.0,34.599998474121094,19.899999618530273
2.1740593910217285,-0.783063530921936,-4.884331226348877,21.951955795288086,0.8236053586006165,0.22266075015068054,8.329427719116211,-0.02851148508489132,-0.0075941807590425014,0.016920367255806923,1008.864990234375,36.57149887084961,24.80931282043457,-5.666961193084717,0.0,0.0,0.0,0.0,0.0,44.54600143432617,0.0,34.599998474121094,19.899999618530273
2.207475423812866,2.5688188076019287,-0.09592767804861069,3.756023645401001,0.811634361743927,0.30885201692581177,8.451531410217285,-0.027312403544783592,-0.007327718194574118,0.016387442126870155,1008.8079833984375,37.04769515991211,24.813940048217773,14.250787734985352,0.0,0.0,0.0,0.0,0.0,44.007999420166016,0.0,34.599998474121094,19.899999618530273
2.2408928871154785,1.611138105392456,-7.2785325050354,16.20587158203125,0.7661445140838623,0.3016694188117981,8.384493827819824,-0.02851148508489132,-0.004396630916744471,0.014122511260211468,1008.8419799804688,36.76362991333008,24.82319450378418,-8.500468254089355,0.0,0.0,0.0,0.0,0.0,44.007999420166016,0.0,34.599998474121094,19.899999618530273
2.274310827255249,0.17461711168289185,-0.09592767804861069,6.62906551361084,0.8188169598579407,0.2777273952960968,8.470685005187988,-0.03064318560063839,-0.0066615622490644455,0.013189893215894699,1008.8193359375,36.953006744384766,24.818567276000977,5.666871070861816,0.0,0.0,0.0,0.0,0.0,44.007999420166016,7.099999904632568,34.599998474121094,19.899999618530273
2.3077261447906494,0.6534574627876282,2.298274040222168,9.502107620239258,0.8690952062606812,0.26336216926574707,8.382100105285645,-0.02784532867372036,-0.0019984685350209475,0.015721285715699196,1008.8306274414062,36.85831832885742,24.818567276000977,-2.833752155303955,0.0,0.0,0.0,0.0,0.0,44.007999420166016,0.0,34.599998474121094,19.899999618530273
2.3411550521850586,-0.3042232096195221,-1.532448649406433,12.853989601135254,0.7709329128265381,0.31124621629714966,8.44434928894043,-0.026912709698081017,-0.002931087277829647,0.016387442126870155,1008.8762817382812,36.476806640625,24.827823638916016,-11.412135124206543,0.0,0.0,0.0,0.0,0.0,44.007999420166016,0.0,34.599998474121094,19.899999618530273
2.3745789527893066,1.1322977542877197,0.38291266560554504,7.5867462158203125,0.8786720037460327,0.31364041566848755,8.358158111572266,-0.02864471636712551,-0.0026646247133612633,0.016387442126870155,1008.8761596679688,36.47818374633789,24.827823638916016,0.04121490567922592,0.0,0.0,0.0,0.0,0.0,43.470001220703125,7.099999904632568,34.599998474121094,19.899999618530273
2.4079935550689697,-5.092626571655273,0.38291266560554504,10.938628196716309,0.8259995579719543,0.26575639843940735,8.307879447937012,-0.029444104060530663,-0.0045298621989786625,0.014655436389148235,1008.8989868164062,36.28743362426758,24.827823638916016,-5.708715915679932,0.0,0.0,0.0,0.0,0.0,44.007999420166016,0.0,34.599998474121094,19.899999618530273
2.441409111022949,2.0899784564971924,-3.926650285720825,9.023266792297363,0.811634361743927,0.2992752194404602,8.339004516601562,-0.026379786431789398,-0.00799387414008379,0.014388973824679852,1008.8076171875,37.05046463012695,24.827823638916016,22.835311889648438,0.0,0.0,0.0,0.0,0.0,44.007999420166016,0.0,34.599998474121094,19.899999618530273
2.4748282432556152,2.5688188076019287,-0.09592767804861069,7.5867462158203125,0.8212111592292786,0.22026655077934265,8.384493827819824,-0.02651301771402359,-0.003996937070041895,0.014122511260211468,1008.8648071289062,36.572872161865234,24.818567276000977,-14.290789604187012,0.0,0.0,0.0,0.0,0.0,44.54600143432617,13.300000190734863,34.599998474121094,19.899999618530273
2.508249521255493,2.0899784564971924,-0.09592767804861069,13.332830429077148,0.7972691655158997,0.2777273952960968,8.374917030334473,-0.025580398738384247,-0.0038637060206383467,0.017719754949212074,1008.8191528320312,36.95438766479492,24.83245086669922,11.415363311767578,0.0,0.0,0.0,0.0,0.0,44.007999420166016,0.0,34.599998474121094,19.899999618530273
2.5416676998138428,2.0899784564971924,-2.011289119720459,10.938628196716309,0.7948749661445618,0.24420857429504395,8.425195693969727,-0.02917764149606228,-0.00679479306563735,0.01612097956240177,1008.9103393554688,36.192745208740234,24.82319450378418,-22.791269302368164,0.0,0.0,0.0,0.0,0.0,44.007999420166016,0.0,34.599998474121094,19.899999618530273
2.5750856399536133,-5.57146692276001,0.38291266560554504,11.896308898925781,0.833182156085968,0.2777273952960968,8.4108304977417,-0.022782541811466217,-0.0045298621989786625,0.016254210844635963,1008.8761596679688,36.47818374633789,24.827823638916016,8.541688919067383,0.0,0.0,0.0,0.0,0.0,44.007999420166016,7.099999904632568,34.599998474121094,19.899999618530273
2.60850191116333,-3.177265167236328,-0.09592767804861069,10.938628196716309,0.8307879567146301,0.21308395266532898,8.370128631591797,-0.025980092585086823,0.0006661561783403158,0.017852986231446266,1008.8076171875,37.05046463012695,24.827823638916016,17.12529182434082,0.0,0.0,0.0,0.0,0.0,44.007999420166016,0.0,34.599998474121094,19.899999618530273
2.641920328140259,-6.050307273864746,0.38291266560554504,9.023266792297363,0.8140285611152649,0.3064578175544739,8.418012619018555,-0.027445634827017784,-0.004130168352276087,0.015321592800319195,1008.8761596679688,36.47818374633789,24.827823638916016,-17.12492561340332,0.0,0.0,0.0,0.0,0.0,44.007999420166016,7.099999904632568,34.599998474121094,19.899999618530273
2.6753363609313965,2.5688188076019287,0.38291266560554504,7.5867462158203125,0.773327112197876,0.31842881441116333,8.315062522888184,-0.027445634827017784,-0.005728943273425102,0.015588055364787579,1008.8759765625,36.47957229614258,24.83245086669922,0.04145754128694534,0.0,0.0,0.0,0.0,0.0,44.007999420166016,7.699999809265137,34.599998474121094,19.899999618530273
2.708758592605591,0.17461711168289185,-6.320851802825928,12.375149726867676,0.8619126081466675,0.2561795711517334,8.441954612731934,-0.026779480278491974,-0.007327718194574118,0.0189188364893198,1008.8989868164062,36.28743362426758,24.827823638916016,-5.748780727386475,0.0,0.0,0.0,0.0,0.0,44.007999420166016,0.0,34.599998474121094,19.899999618530273
2.7421767711639404,-0.783063530921936,-6.320851802825928,14.7693510055542,0.790086567401886,0.2585737705230713,8.312667846679688,-0.028245022520422935,-0.00626186840236187,0.011591117829084396,1008.887451171875,36.38349914550781,24.83245086669922,2.874668598175049,0.0,0.0,0.0,0.0,0.0,44.007999420166016,7.099999904632568,34.70000076293945,19.899999618530273
2.7755930423736572,-2.698424816131592,-2.490129232406616,6.62906551361084,0.7637503147125244,0.29448679089546204,8.406042098999023,-0.02931087277829647,-0.00626186840236187,0.013323124498128891,1008.8761596679688,36.47818374633789,24.827823638916016,2.833556890487671,0.0,0.0,0.0,0.0,0.0,44.007999420166016,0.0,34.70000076293945,19.899999618530273
2.809018135070801,0.6534574627876282,-2.490129232406616,21.473115921020508,0.8355763554573059,0.2609679698944092,8.379705429077148,-0.02797855995595455,-0.00506278732791543,0.013056661933660507,1008.8305053710938,36.859703063964844,24.827823638916016,11.41374683380127,0.0,0.0,0.0,0.0,0.0,44.007999420166016,4.800000190734863,34.70000076293945,19.899999618530273
2.9010350704193115,-0.783063530921936,-0.5747680068016052,9.502107620239258,0.8068459630012512,0.33518823981285095,8.429984092712402,-0.02864471636712551,-0.004130168352276087,0.013989279977977276,1008.8079833984375,37.04769515991211,24.80005645751953,2.04306960105896,0.0,0.0,0.0,0.0,0.0,44.007999420166016,5.0,34.70000076293945,19.899999618530273
2.9512882232666016,-5.092626571655273,-6.799692153930664,9.980947494506836,0.7972691655158997,0.2537853717803955,8.480262756347656,-0.03064318560063839,-0.0037304747384041548,0.018519142642617226,1008.796630859375,37.14238357543945,24.80931282043457,1.8842693567276,53.512916564941406,-2.2166800498962402,0.30000001192092896,196.1699981689453,0.0,44.007999420166016,3.4000000953674316,34.70000076293945,19.899999618530273
3.0264973640441895,-3.177265167236328,-5.363171100616455,14.290511131286621,0.7852981686592102,0.3232172131538391,8.370128631591797,-0.02704594098031521,-0.0026646247133612633,0.015321592800319195,1008.8652954101562,36.56876754760742,24.795429229736328,-7.626974582672119,0.0,0.0,0.0,0.0,0.0,44.007999420166016,10.5,34.70000076293945,19.899999618530273
3.069326162338257,-1.7407442331314087,-0.5747680068016052,9.502107620239258,0.7876923680305481,0.26575639843940735,8.458714485168457,-0.02704594098031521,-0.003996937070041895,0.014788667671382427,1008.8538208007812,36.66482162475586,24.80005645751953,2.242685079574585,0.0,0.0,0.0,0.0,0.0,44.007999420166016,0.0,34.70000076293945,19.899999618530273
3.102742910385132,2.0899784564971924,-2.011289119720459,10.938628196716309,0.8236053586006165,0.24899697303771973,8.418012619018555,-0.03077641688287258,-0.0018652373692020774,0.015188361518085003,1008.84228515625,36.76087951660156,24.80931282043457,2.8744471073150635,0.0,0.0,0.0,0.0,0.0,43.470001220703125,13.300000190734863,34.70000076293945,19.899999618530273
3.136183738708496,-3.6561055183410645,-2.011289119720459,13.332830429077148,0.8188169598579407,0.24899697303771973,8.453926086425781,-0.030110260471701622,-0.002797855995595455,0.01678713597357273,1008.8878173828125,36.3807487487793,24.813940048217773,-11.366836547851562,0.0,0.0,0.0,0.0,0.0,44.54600143432617,23.100000381469727,34.79999923706055,19.899999618530273
3.1696183681488037,1.1322977542877197,-1.532448649406433,11.417469024658203,0.8475474119186401,0.2801215946674347,8.432377815246582,-0.027312403544783592,-0.004263399634510279,0.015055130235850811,1008.9334716796875,35.99925994873047,24.813940048217773,-11.409966468811035,0.0,0.0,0.0,0.0,0.0,44.007999420166016,21.399999618530273,34.79999923706055,19.899999618530273
3.2030513286590576,-1.2619038820266724,-5.363171100616455,10.938628196716309,0.8140285611152649,0.2106897532939911,8.473079681396484,-0.02797855995595455,-0.003597243456169963,0.017719754949212074,1008.9676513671875,35.71383285522461,24.827823638916016,-8.537286758422852,0.0,0.0,0.0,0.0,0.0,44.007999420166016,21.399999618530273,35.0,19.899999618530273
3.2364842891693115,-0.783063530921936,-3.926650285720825,10.938628196716309,0.8044517636299133,0.23942016065120697,8.303091049194336,-0.027445634827017784,-0.006128637120127678,0.014655436389148235,1008.8305053710938,36.859703063964844,24.813940048217773,34.274173736572266,0.0,0.0,0.0,0.0,0.0,44.007999420166016,25.0,35.0,19.899999618530273
3.269926071166992,-3.6561055183410645,-0.09592767804861069,17.16355323791504,0.811634361743927,0.31603461503982544,8.35336971282959,-0.02371516078710556,-0.0038637060206383467,0.017186829820275307,1008.8305053710938,36.859703063964844,24.827823638916016,0.0,0.0,0.0,0.0,0.0,0.0,43.470001220703125,30.799999237060547,35.29999923706055,19.899999618530273
3.3033602237701416,-5.092626571655273,-2.9689695835113525,8.544426918029785,0.8188169598579407,0.22744916379451752,8.415618896484375,-0.026246555149555206,-0.002531393663957715,0.01878560520708561,1008.8648071289062,36.572872161865234,24.83245086669922,-8.571779251098633,0.0,0.0,0.0,0.0,0.0,44.007999420166016,30.799999237060547,35.400001525878906,19.899999618530273
3.336803913116455,-1.2619038820266724,-2.011289119720459,12.375149726867676,0.8451532125473022,0.33279404044151306,8.449137687683105,-0.02571363002061844,-0.007194486912339926,0.01598774828016758,1008.8876342773438,36.382118225097656,24.827823638916016,-5.708506107330322,0.0,0.0,0.0,0.0,0.0,43.470001220703125,23.100000381469727,35.79999923706055,19.899999618530273
3.370250701904297,-3.177265167236328,-2.490129232406616,9.980947494506836,0.8762778043746948,0.2753331959247589,8.537723541259766,-0.02864471636712551,-0.005995405837893486,0.017053598538041115,1008.8648071289062,36.572872161865234,24.82319450378418,5.7030534744262695,0.0,0.0,0.0,0.0,0.0,44.007999420166016,30.799999237060547,35.900001525878906,19.899999618530273
3.403679609298706,-1.2619038820266724,0.38291266560554504,11.896308898925781,0.8451532125473022,0.3064578175544739,8.360551834106445,-0.028245022520422935,-0.003464012173935771,0.016254210844635963,1008.8759765625,36.47957229614258,24.83245086669922,-2.791050910949707,0.0,0.0,0.0,0.0,0.0,44.007999420166016,30.799999237060547,36.0,19.899999618530273
3.437117338180542,-0.3042232096195221,-1.532448649406433,7.5867462158203125,0.811634361743927,0.3280056416988373,8.348581314086914,-0.024914242327213287,-0.0053292494267225266,0.01598774828016758,1008.8989868164062,36.28743362426758,24.841705322265625,-5.746239185333252,0.0,0.0,0.0,0.0,0.0,44.007999420166016,28.600000381469727,36.20000076293945,19.899999618530273
3.470561981201172,-0.3042232096195221,2.298274040222168,10.938628196716309,0.7613561153411865,0.29448679089546204,8.401253700256348,-0.028911178931593895,-0.00506278732791543,0.016920367255806923,1008.830322265625,36.8610954284668,24.827823638916016,17.15235137939453,0.0,0.0,0.0,0.0,0.0,42.93199920654297,30.799999237060547,36.20000076293945,19.899999618530273
3.5040242671966553,2.5688188076019287,-5.363171100616455,5.192544460296631,0.773327112197876,0.21547815203666687,8.362946510314941,-0.030243491753935814,-0.0037304747384041548,0.019851455464959145,1008.8191528320312,36.95438766479492,24.837078094482422,2.7880077362060547,0.0,0.0,0.0,0.0,0.0,44.007999420166016,30.799999237060547,31.799999237060547,19.899999618530273
3.5374410152435303,1.611138105392456,-0.5747680068016052,9.023266792297363,0.8140285611152649,0.2561795711517334,8.3892822265625,-0.02704594098031521,-0.002531393663957715,0.014921898953616619,1008.887451171875,36.38349914550781,24.83245086669922,-17.08466148376465,0.0,0.0,0.0,0.0,0.0,44.007999420166016,0.0,31.700000762939453,19.899999618530273
3.5708582401275635,-2.698424816131592,-4.884331226348877,13.811670303344727,0.8044517636299133,0.26336216926574707,8.408435821533203,-0.027712097391486168,-0.00559571199119091,0.01811944879591465,1008.8533325195312,36.668941497802734,24.837078094482422,8.54160213470459,0.0,0.0,0.0,0.0,0.0,44.007999420166016,7.699999809265137,31.700000762939453,19.899999618530273
3.604276180267334,0.17461711168289185,-2.9689695835113525,7.5867462158203125,0.7781155109405518,0.22266075015068054,8.307879447937012,-0.024114854633808136,-0.003464012173935771,0.01612097956240177,1008.841796875,36.7650146484375,24.841705322265625,2.8749868869781494,0.0,0.0,0.0,0.0,0.0,43.470001220703125,0.0,31.700000762939453,19.899999618530273
3.6376876831054688,-1.2619038820266724,-3.447809934616089,9.980947494506836,0.811634361743927,0.2777273952960968,8.374917030334473,-0.029843797907233238,-0.0011990811908617616,0.017719754949212074,1008.887451171875,36.38349914550781,24.837078094482422,-11.418726921081543,0.0,0.0,0.0,0.0,0.0,43.470001220703125,0.0,31.700000762939453,19.899999618530273
3.671107769012451,-3.6561055183410645,-4.405490875244141,13.811670303344727,0.8523358106613159,0.33997663855552673,8.360551834106445,-0.030110260471701622,-0.004263399634510279,0.018252680078148842,1008.9329833984375,36.00337600708008,24.83245086669922,-11.374103546142578,0.0,0.0,0.0,0.0,0.0,43.470001220703125,13.300000190734863,31.700000762939453,19.899999618530273
3.704533815383911,-2.698424816131592,-2.9689695835113525,12.853989601135254,0.8403647541999817,0.31842881441116333,8.394070625305176,-0.025580398738384247,-0.0009326186846010387,0.016920367255806923,1008.9331665039062,36.00199508666992,24.83245086669922,-0.04127737134695053,0.0,0.0,0.0,0.0,0.0,44.007999420166016,0.0,31.700000762939453,19.899999618530273
3.737950325012207,-1.2619038820266724,1.8194336891174316,9.023266792297363,0.8451532125473022,0.2561795711517334,8.429984092712402,-0.029710566624999046,-0.003597243456169963,0.015854516997933388,1008.8533325195312,36.668941497802734,24.83245086669922,19.9580078125,0.0,0.0,0.0,0.0,0.0,43.470001220703125,0.0,31.700000762939453,19.899999618530273
3.7713892459869385,-0.783063530921936,-7.2785325050354,9.502107620239258,0.7805097699165344,0.27054479718208313,8.494627952575684,-0.027712097391486168,-0.002797855995595455,0.015454824082553387,1008.955810546875,35.812625885009766,24.83245086669922,-25.60874366760254,0.0,0.0,0.0,0.0,0.0,44.007999420166016,7.099999904632568,31.700000762939453,19.899999618530273
3.8048033714294434,-2.2195844650268555,-1.0536082983016968,18.121232986450195,0.7589619159698486,0.28730419278144836,8.463502883911133,-0.025313936173915863,-0.006928024347871542,0.018652373924851418,1008.8076171875,37.05046463012695,24.837078094482422,37.044612884521484,0.0,0.0,0.0,0.0,0.0,44.007999420166016,0.0,31.700000762939453,19.899999618530273
3.8967998027801514,-4.613786220550537,-1.0536082983016968,8.06558609008789,0.8427590131759644,0.28730419278144836,8.427589416503906,-0.028245022520422935,-0.004929556045681238,0.017719754949212074,1008.8081665039062,37.046321868896484,24.813940048217773,-0.04504210129380226,0.0,0.0,0.0,0.0,0.0,44.007999420166016,0.0,31.700000762939453,19.899999618530273
3.9470598697662354,-1.7407442331314087,-4.884331226348877,12.853989601135254,0.8283937573432922,0.2513911724090576,8.362946510314941,-0.028777947649359703,-0.0045298621989786625,0.01745329238474369,1008.84228515625,36.76087951660156,24.80931282043457,-5.679333209991455,0.0,0.0,0.0,0.0,0.0,43.470001220703125,6.5,31.700000762939453,19.899999618530273
4.022080421447754,-0.783063530921936,-4.405490875244141,10.938628196716309,0.7996633648872375,0.3280056416988373,8.35576343536377,-0.03184226527810097,-0.007061255630105734,0.018385911360383034,1008.9566040039062,35.805824279785156,24.795429229736328,-12.730569839477539,0.0,0.0,0.0,0.0,0.0,43.470001220703125,3.700000047683716,31.700000762939453,19.899999618530273
4.088953971862793,-3.177265167236328,0.38291266560554504,9.980947494506836,0.8212111592292786,0.2609679698944092,8.480262756347656,-0.028245022520422935,-0.005196018610149622,0.01745329238474369,1008.8881225585938,36.378028869628906,24.786174774169922,8.556538581848145,0.0,0.0,0.0,0.0,0.0,43.470001220703125,0.0,31.700000762939453,19.899999618530273
4.16377067565918,4.484179973602295,-5.842011451721191,13.332830429077148,0.8571242094039917,0.26575639843940735,8.379705429077148,-0.027578866109251976,-0.003996937070041895,0.018652373924851418,1008.8539428710938,36.6634635925293,24.786174774169922,3.8151421546936035,0.0,0.0,0.0,0.0,0.0,44.007999420166016,11.800000190734863,31.700000762939453,19.899999618530273
4.205433368682861,-2.2195844650268555,-0.09592767804861069,6.62906551361084,0.7685387134552002,0.2513911724090576,8.370128631591797,-0.026912709698081017,-0.004929556045681238,0.017852986231446266,1008.8994750976562,36.28333282470703,24.804685592651367,-9.1239595413208,53.512916564941406,-2.2166833877563477,0.3100000023841858,196.1699981689453,0.0,43.470001220703125,3.200000047683716,31.700000762939453,19.899999618530273
4.2806291580200195,2.5688188076019287,-1.532448649406433,11.896308898925781,0.7254431247711182,0.2801215946674347,8.42040729522705,-0.024781011044979095,-0.0022649310994893312,0.013856048695743084,1008.8424682617188,36.75951385498047,24.790802001953125,6.332470893859863,0.0,0.0,0.0,0.0,0.0,42.93199920654297,7.699999809265137,31.700000762939453,19.899999618530273
4.3141679763793945,-5.092626571655273,1.8194336891174316,14.290511131286621,0.7661445140838623,0.1843535304069519,8.418012619018555,-0.026246555149555206,-0.003197549842298031,0.018385911360383034,1008.8536376953125,36.66618728637695,24.80005645751953,-2.7826764583587646,0.0,0.0,0.0,0.0,0.0,43.470001220703125,0.0,31.700000762939453,19.899999618530273
4.347583293914795,-1.2619038820266724,-3.926650285720825,10.938628196716309,0.7829039692878723,0.23702596127986908,8.300697326660156,-0.030376723036170006,-0.0006661561783403158,0.016387442126870155,1008.78515625,37.23845291137695,24.818567276000977,17.125770568847656,0.0,0.0,0.0,0.0,0.0,43.470001220703125,0.0,31.700000762939453,19.899999618530273
4.380999565124512,2.5688188076019287,-6.320851802825928,8.06558609008789,0.7781155109405518,0.325611412525177,8.379705429077148,-0.030509954318404198,-0.0010658499086275697,0.015188361518085003,1008.9219970703125,36.095314025878906,24.818567276000977,-34.20863723754883,0.0,0.0,0.0,0.0,0.0,44.007999420166016,7.099999904632568,31.700000762939453,19.899999618530273
4.414414405822754,-0.783063530921936,-1.0536082983016968,1.8406622409820557,0.8643068075180054,0.2968810200691223,8.42280101776123,-0.030909648165106773,-0.002797855995595455,0.013056661933660507,1008.9218139648438,36.096683502197266,24.818567276000977,0.040999315679073334,0.0,0.0,0.0,0.0,0.0,42.93199920654297,7.099999904632568,31.700000762939453,19.899999618530273
4.447832107543945,-5.092626571655273,2.298274040222168,13.332830429077148,0.8307879567146301,0.2825157940387726,8.315062522888184,-0.02917764149606228,-0.003996937070041895,0.019052067771553993,1008.8762817382812,36.476806640625,24.82319450378418,11.374885559082031,0.0,0.0,0.0,0.0,0.0,43.470001220703125,0.0,31.700000762939453,19.899999618530273
4.481247425079346,-3.6561055183410645,-1.0536082983016968,11.417469024658203,0.8283937573432922,0.27054479718208313,8.3892822265625,-0.027445634827017784,-0.0014655436389148235,0.018652373924851418,1008.8648071289062,36.572872161865234,24.827823638916016,2.874849557876587,0.0,0.0,0.0,0.0,0.0,42.93199920654297,0.0,31.700000762939453,19.899999618530273
4.514664649963379,1.1322977542877197,-2.011289119720459,12.853989601135254,0.8259995579719543,0.23942016065120697,8.358158111572266,-0.02504747360944748,-0.006528330966830254,0.013456354849040508,1008.8533325195312,36.668941497802734,24.83245086669922,2.874825954437256,0.0,0.0,0.0,0.0,0.0,43.470001220703125,7.099999904632568,31.700000762939453,19.899999618530273
4.548078536987305,-2.2195844650268555,0.38291266560554504,9.502107620239258,0.8140285611152649,0.2825157940387726,8.398859024047852,-0.028111791238188744,-0.0018652373692020774,0.014655436389148235,1008.8305053710938,36.859703063964844,24.82319450378418,5.709123134613037,0.0,0.0,0.0,0.0,0.0,44.007999420166016,0.0,31.700000762939453,19.899999618530273
4.581504821777344,0.17461711168289185,-3.926650285720825,16.20587158203125,0.8475474119186401,0.2801215946674347,8.3892822265625,-0.02571363002061844,-0.004796324763447046,0.016254210844635963,1008.8761596679688,36.47818374633789,24.82319450378418,-11.41350269317627,0.0,0.0,0.0,0.0,0.0,43.470001220703125,6.699999809265137,31.700000762939453,19.899999618530273
4.614930152893066,-5.57146692276001,-5.842011451721191,13.811670303344727,0.8451532125473022,0.21787235140800476,8.437166213989258,-0.02864471636712551,0.0002664624771568924,0.01598774828016758,1008.8646240234375,36.574256896972656,24.841705322265625,2.8741202354431152,0.0,0.0,0.0,0.0,0.0,42.93199920654297,0.0,31.700000762939453,19.899999618530273
4.648355484008789,-5.092626571655273,-3.926650285720825,19.078914642333984,0.7972691655158997,0.29209259152412415,8.372523307800293,-0.030243491753935814,-0.003597243456169963,0.01678713597357273,1008.841796875,36.7650146484375,24.837078094482422,5.707133769989014,0.0,0.0,0.0,0.0,0.0,43.470001220703125,7.699999809265137,31.700000762939453,19.899999618530273
4.6817779541015625,-2.2195844650268555,-0.5747680068016052,14.7693510055542,0.8092401623725891,0.2609679698944092,8.398859024047852,-0.026912709698081017,-0.004796324763447046,0.01878560520708561,1008.8759765625,36.47957229614258,24.83245086669922,-8.540458679199219,0.0,0.0,0.0,0.0,0.0,42.93199920654297,18.700000762939453,31.700000762939453,19.899999618530273
4.715202808380127,-3.177265167236328,0.38291266560554504,6.1502251625061035,0.8355763554573059,0.2992752194404602,8.365340232849121,-0.02851148508489132,-0.0038637060206383467,0.015321592800319195,1008.8988037109375,36.288814544677734,24.837078094482422,-5.707037925720215,0.0,0.0,0.0,0.0,0.0,43.470001220703125,0.0,31.700000762939453,19.899999618530273
4.748627662658691,-0.3042232096195221,0.38291266560554504,9.502107620239258,0.7805097699165344,0.2992752194404602,8.288725852966309,-0.02571363002061844,-0.008393567986786366,0.017852986231446266,1008.8187866210938,36.95718002319336,24.837078094482422,19.996030807495117,0.0,0.0,0.0,0.0,0.0,42.93199920654297,7.099999904632568,31.700000762939453,19.899999618530273
4.782054424285889,-2.2195844650268555,-2.9689695835113525,10.938628196716309,0.8044517636299133,0.28730419278144836,8.42040729522705,-0.027712097391486168,-0.003064318560063839,0.019718224182724953,1008.8873291015625,36.3848876953125,24.837078094482422,-17.120887756347656,0.0,0.0,0.0,0.0,0.0,42.93199920654297,7.699999809265137,31.700000762939453,19.899999618530273
4.815479278564453,-1.2619038820266724,-2.9689695835113525,8.06558609008789,0.8307879567146301,0.2537853717803955,8.374917030334473,-0.028911178931593895,-0.0014655436389148235,0.01425574254244566,1008.91015625,36.194129943847656,24.837078094482422,-5.707003116607666,0.0,0.0,0.0,0.0,0.0,42.93199920654297,2.9000000953674316,30.600000381469727,19.899999618530273
4.8958635330200195,-0.783063530921936,-1.0536082983016968,9.023266792297363,0.8307879567146301,0.325611412525177,8.35336971282959,-0.030376723036170006,-0.0021316998172551394,0.016387442126870155,1008.87646484375,36.47543716430664,24.813940048217773,3.4995596408843994,0.0,0.0,0.0,0.0,0.0,42.93199920654297,10.0,30.600000381469727,19.899999618530273
4.946089744567871,-2.698424816131592,3.2559547424316406,7.107905864715576,0.8068459630012512,0.31124621629714966,8.350975036621094,-0.02851148508489132,-0.0002664624771568924,0.019318530336022377,1008.956298828125,35.80852127075195,24.80931282043457,-13.278393745422363,53.51292037963867,-2.2166850566864014,0.800000011920929,346.9200134277344,0.0,43.470001220703125,0.0,30.600000381469727,19.899999618530273
5.021308898925781,1.1322977542877197,-1.532448649406433,9.502107620239258,0.7565677165985107,0.26336216926574707,8.398859024047852,-0.02851148508489132,-0.0038637060206383467,0.015588055364787579,1008.8994750976562,36.28333282470703,24.80005645751953,6.312379360198975,0.0,0.0,0.0,0.0,0.0,43.470001220703125,5.900000095367432,30.600000381469727,19.899999618530273
5.064136505126953,-1.2619038820266724,-1.0536082983016968,10.938628196716309,0.7972691655158997,0.304063618183136,8.360551834106445,-0.028111791238188744,-0.004796324763447046,0.014921898953616619,1008.922119140625,36.09395217895508,24.795429229736328,-4.4220290184021,0.0,0.0,0.0,0.0,0.0,42.93199920654297,9.100000381469727,30.600000381469727,19.899999618530273
5.097568035125732,-4.613786220550537,-5.842011451721191,9.023266792297363,0.8164227604866028,0.3471592366695404,8.322244644165039,-0.02797855995595455,-0.0014655436389148235,0.014655436389148235,1008.8536376953125,36.66618728637695,24.80931282043457,17.116060256958008,0.0,0.0,0.0,0.0,0.0,42.93199920654297,7.099999904632568,30.600000381469727,19.899999618530273
5.1309919357299805,-0.3042232096195221,-2.011289119720459,10.938628196716309,0.833182156085968,0.26336216926574707,8.360551834106445,-0.028911178931593895,-0.009192955680191517,0.012390505522489548,1008.8419799804688,36.76362991333008,24.82319450378418,2.915419340133667,0.0,0.0,0.0,0.0,0.0,42.93199920654297,0.0,30.600000381469727,19.899999618530273
5.164432525634766,-0.783063530921936,-3.447809934616089,5.671384811401367,0.8307879567146301,0.2537853717803955,8.362946510314941,-0.02571363002061844,-0.002931087277829647,0.015188361518085003,1008.8648071289062,36.572872161865234,24.82319450378418,-5.704253196716309,0.0,0.0,0.0,0.0,0.0,42.93199920654297,0.0,30.600000381469727,19.899999618530273
5.197859287261963,2.5688188076019287,-0.09592767804861069,12.375149726867676,0.773327112197876,0.272938996553421,8.497021675109863,-0.025980092585086823,-0.0009326186846010387,0.01878560520708561,1008.9561157226562,35.80988311767578,24.83245086669922,-22.825597763061523,0.0,0.0,0.0,0.0,0.0,43.470001220703125,14.300000190734863,30.600000381469727,19.899999618530273
5.231282711029053,1.1322977542877197,-1.532448649406433,10.938628196716309,0.8283937573432922,0.325611412525177,8.494627952575684,-0.027312403544783592,-0.0074609494768083096,0.015454824082553387,1008.841796875,36.7650146484375,24.83245086669922,28.577009201049805,0.0,0.0,0.0,0.0,0.0,42.93199920654297,7.099999904632568,30.600000381469727,19.899999618530273
5.264744758605957,-2.2195844650268555,-2.490129232406616,11.417469024658203,0.849941611289978,0.30885201692581177,8.370128631591797,-0.02571363002061844,-0.0022649310994893312,0.016520673409104347,1008.8305053710938,36.859703063964844,24.841705322265625,2.829608201980591,0.0,0.0,0.0,0.0,0.0,43.470001220703125,7.699999809265137,30.600000381469727,19.899999618530273
5.298171043395996,1.611138105392456,-0.5747680068016052,5.192544460296631,0.7781155109405518,0.22505494952201843,8.374917030334473,-0.028378253802657127,-0.0038637060206383467,0.019318530336022377,1008.8187866210938,36.95718002319336,24.837078094482422,2.9162228107452393,0.0,0.0,0.0,0.0,0.0,43.470001220703125,0.0,30.600000381469727,19.899999618530273
5.331596851348877,-5.092626571655273,-1.0536082983016968,16.68471336364746,0.7924807667732239,0.24660277366638184,8.379705429077148,-0.029044410213828087,-0.002931087277829647,0.015055130235850811,1008.8988037109375,36.288814544677734,24.837078094482422,-19.995174407958984,0.0,0.0,0.0,0.0,0.0,43.470001220703125,0.0,30.600000381469727,19.899999618530273
5.36503791809082,-0.3042232096195221,-3.447809934616089,8.544426918029785,0.8523358106613159,0.26575639843940735,8.394070625305176,-0.02584686130285263,-0.006928024347871542,0.01598774828016758,1008.8988037109375,36.288814544677734,24.837078094482422,0.0,0.0,0.0,0.0,0.0,0.0,42.93199920654297,7.699999809265137,30.600000381469727,19.899999618530273
5.398464202880859,-5.092626571655273,-7.2785325050354,2.319502592086792,0.8020575642585754,0.2585737705230713,8.362946510314941,-0.02571363002061844,-0.007194486912339926,0.0189188364893198,1008.8076171875,37.05046463012695,24.837078094482422,22.78681182861328,0.0,0.0,0.0,0.0,0.0,42.93199920654297,7.099999904632568,30.600000381469727,19.899999618530273
5.431888580322266,-3.177265167236328,-2.011289119720459,14.7693510055542,0.8355763554573059,0.27054479718208313,8.494627952575684,-0.028111791238188744,-0.007194486912339926,0.017586523666977882,1008.8759765625,36.47957229614258,24.841705322265625,-17.079936981201172,0.0,0.0,0.0,0.0,0.0,43.470001220703125,0.0,30.600000381469727,19.899999618530273
5.465329170227051,-5.092626571655273,-2.9689695835113525,5.671384811401367,0.8044517636299133,0.2298433631658554,8.42040729522705,-0.02518070489168167,-0.0022649310994893312,0.013856048695743084,1008.830322265625,36.8610954284668,24.837078094482422,11.408928871154785,0.0,0.0,0.0,0.0,0.0,42.93199920654297,7.099999904632568,30.600000381469727,19.899999618530273
5.498752593994141,-2.698424816131592,0.861752986907959,12.853989601135254,0.8020575642585754,0.304063618183136,8.396465301513672,-0.027712097391486168,-0.0022649310994893312,0.015321592800319195,1008.921630859375,36.098060607910156,24.83245086669922,-22.82917022705078,0.0,0.0,0.0,0.0,0.0,43.470001220703125,0.0,30.600000381469727,19.899999618530273
5.532175540924072,-0.3042232096195221,-0.5747680068016052,14.290511131286621,0.8140285611152649,0.2992752194404602,8.315062522888184,-0.030110260471701622,-0.003597243456169963,0.01678713597357273,1008.8988037109375,36.288814544677734,24.837078094482422,5.70726203918457,0.0,0.0,0.0,0.0,0.0,43.470001220703125,7.699999809265137,30.600000381469727,19.899999618530273
5.565637111663818,0.17461711168289185,-3.926650285720825,16.20587158203125,0.7948749661445618,0.2322375625371933,8.408435821533203,-0.028245022520422935,-0.007327718194574118,0.01678713597357273,1008.91015625,36.194129943847656,24.837078094482422,-2.8296878337860107,0.0,0.0,0.0,0.0,0.0,42.93199920654297,0.0,30.600000381469727,19.899999618530273
5.599064350128174,-0.3042232096195221,-4.884331226348877,7.5867462158203125,0.7661445140838623,0.22744916379451752,8.44674301147461,-0.02864471636712551,-0.003064318560063839,0.019052067771553993,1008.9329833984375,36.00337600708008,24.841705322265625,-5.706616401672363,0.0,0.0,0.0,0.0,0.0,42.93199920654297,14.300000190734863,30.600000381469727,19.899999618530273
5.6324896812438965,-1.7407442331314087,-7.757372856140137,11.417469024658203,0.7541735172271729,0.28969839215278625,8.38688850402832,-0.028911178931593895,-0.0021316998172551394,0.015188361518085003,1008.8416748046875,36.76641082763672,24.837078094482422,22.827728271484375,0.0,0.0,0.0,0.0,0.0,42.93199920654297,0.0,30.600000381469727,19.899999618530273
5.665955543518066,0.17461711168289185,-3.447809934616089,12.375149726867676,0.8188169598579407,0.2609679698944092,8.425195693969727,-0.031575802713632584,-0.004263399634510279,0.015588055364787579,1008.8416748046875,36.76641082763672,24.841705322265625,0.0,0.0,0.0,0.0,0.0,0.0,42.93199920654297,7.699999809265137,30.600000381469727,19.899999618530273
5.69940185546875,1.611138105392456,-2.011289119720459,12.375149726867676,0.8403647541999817,0.2513911724090576,8.336609840393066,-0.02997702918946743,-0.0014655436389148235,0.016920367255806923,1008.8646240234375,36.574256896972656,24.841705322265625,-5.745342254638672,0.0,0.0,0.0,0.0,0.0,42.93199920654297,7.099999904632568,30.700000762939453,19.899999618530273
5.732828140258789,-2.2195844650268555,-4.884331226348877,10.938628196716309,0.7852981686592102,0.24660277366638184,8.408435821533203,-0.03064318560063839,-0.0045298621989786625,0.016387442126870155,1008.864501953125,36.575645446777344,24.841705322265625,0.041617561131715775,0.0,0.0,0.0,0.0,0.0,42.93199920654297,16.700000762939453,30.700000762939453,19.899999618530273
5.766267776489258,0.6534574627876282,-2.9689695835113525,5.192544460296631,0.8236053586006165,0.2609679698944092,8.271966934204102,-0.026779480278491974,-0.002931087277829647,0.017586523666977882,1008.8531494140625,36.67033004760742,24.84633445739746,2.8314714431762695,0.0,0.0,0.0,0.0,0.0,43.470001220703125,28.600000381469727,30.700000762939453,19.899999618530273
5.799695014953613,0.17461711168289185,-1.532448649406433,21.951955795288086,0.8068459630012512,0.2537853717803955,8.382100105285645,-0.027712097391486168,-0.003064318560063839,0.01958499290049076,1008.9671630859375,35.71794128417969,24.837078094482422,-28.491424560546875,0.0,0.0,0.0,0.0,0.0,43.470001220703125,12.5,30.700000762939453,19.899999618530273
5.89716911315918,2.5688188076019287,-0.09592767804861069,11.896308898925781,0.7852981686592102,0.2968810200691223,8.456319808959961,-0.02584686130285263,-0.003197549842298031,0.015588055364787579,1008.9334716796875,35.99925994873047,24.813940048217773,2.8861405849456787,0.0,0.0,0.0,0.0,0.0,43.470001220703125,11.100000381469727,30.700000762939453,19.899999618530273
5.947526931762695,-2.2195844650268555,-0.5747680068016052,13.332830429077148,0.8236053586006165,0.26575639843940735,8.461108207702637,-0.026113323867321014,-0.005728943273425102,0.017852986231446266,1008.87646484375,36.47543716430664,24.80931282043457,9.455894470214844,53.512916564941406,-2.2166850566864014,0.49000000953674316,346.9200134277344,0.0,43.470001220703125,17.200000762939453,30.700000762939453,19.899999618530273
6.022641658782959,1.611138105392456,-0.09592767804861069,11.417469024658203,0.811634361743927,0.26336216926574707,8.485051155090332,-0.026379786431789398,-0.003464012173935771,0.01745329238474369,1008.8992919921875,36.284690856933594,24.804685592651367,-2.5393807888031006,0.0,0.0,0.0,0.0,0.0,43.470001220703125,17.600000381469727,30.700000762939453,19.899999618530273
6.065457344055176,-2.698424816131592,-1.0536082983016968,6.62906551361084,0.7876923680305481,0.2585737705230713,8.44434928894043,-0.028245022520422935,-0.0037304747384041548,0.013189893215894699,1008.8651123046875,36.57012939453125,24.80931282043457,6.666598796844482,0.0,0.0,0.0,0.0,0.0,43.470001220703125,22.200000762939453,30.700000762939453,19.899999618530273
6.098875045776367,-3.6561055183410645,4.213635444641113,8.06558609008789,0.8164227604866028,0.2849099934101105,8.398859024047852,-0.029577335342764854,-0.0038637060206383467,0.015055130235850811,1008.8193359375,36.953006744384766,24.818567276000977,11.45679759979248,0.0,0.0,0.0,0.0,0.0,42.93199920654297,28.600000381469727,30.700000762939453,19.899999618530273
6.132291793823242,2.5688188076019287,0.38291266560554504,10.938628196716309,0.8212111592292786,0.28730419278144836,8.374917030334473,-0.030243491753935814,-0.008260336704552174,0.015588055364787579,1008.9219970703125,36.095314025878906,24.818567276000977,-25.666919708251953,0.0,0.0,0.0,0.0,0.0,43.470001220703125,8.300000190734863,30.700000762939453,19.899999618530273
6.165706634521484,0.17461711168289185,-2.011289119720459,10.938628196716309,0.8690952062606812,0.3064578175544739,8.26478385925293,-0.028911178931593895,-0.006128637120127678,0.013456354849040508,1008.8989868164062,36.28743362426758,24.827823638916016,5.749572277069092,0.0,0.0,0.0,0.0,0.0,43.470001220703125,8.300000190734863,30.700000762939453,19.899999618530273
6.199122905731201,-2.2195844650268555,-2.011289119720459,9.980947494506836,0.7996633648872375,0.33039984107017517,8.35576343536377,-0.02704594098031521,-0.0005329249543137848,0.01665390469133854,1008.8648071289062,36.572872161865234,24.83245086669922,8.541892051696777,0.0,0.0,0.0,0.0,0.0,43.470001220703125,28.600000381469727,30.700000762939453,19.899999618530273
6.232537269592285,-4.134945869445801,-2.011289119720459,7.107905864715576,0.8283937573432922,0.27054479718208313,8.449137687683105,-0.029044410213828087,-0.002931087277829647,0.014122511260211468,1008.8646240234375,36.574256896972656,24.837078094482422,0.041400350630283356,0.0,0.0,0.0,0.0,0.0,43.470001220703125,8.300000190734863,30.700000762939453,19.899999618530273
6.265955924987793,-2.2195844650268555,-2.011289119720459,9.980947494506836,0.8236053586006165,0.21547815203666687,8.449137687683105,-0.02651301771402359,-0.0015987749211490154,0.013323124498128891,1008.8416748046875,36.76641082763672,24.837078094482422,5.749892234802246,0.0,0.0,0.0,0.0,0.0,42.93199920654297,16.700000762939453,30.700000762939453,19.899999618530273
6.299393177032471,-0.3042232096195221,1.8194336891174316,8.06558609008789,0.8020575642585754,0.33039984107017517,8.370128631591797,-0.02784532867372036,-0.004796324763447046,0.01678713597357273,1008.8189697265625,36.955780029296875,24.83245086669922,5.663442134857178,0.0,0.0,0.0,0.0,0.0,42.93199920654297,21.399999618530273,30.700000762939453,19.899999618530273
6.332810401916504,0.6534574627876282,-4.405490875244141,9.980947494506836,0.7829039692878723,0.22026655077934265,8.348581314086914,-0.02704594098031521,-0.005728943273425102,0.016920367255806923,1008.7733154296875,37.337318420410156,24.837078094482422,11.417301177978516,0.0,0.0,0.0,0.0,0.0,43.470001220703125,8.300000190734863,30.700000762939453,19.899999618530273
6.3662261962890625,1.1322977542877197,2.298274040222168,14.290511131286621,0.8259995579719543,0.3016694188117981,8.439560890197754,-0.028245022520422935,-0.008526799269020557,0.017719754949212074,1008.8529663085938,36.67172622680664,24.841705322265625,-19.91881561279297,0.0,0.0,0.0,0.0,0.0,43.470001220703125,23.100000381469727,30.700000762939453,19.899999618530273
6.399643421173096,-0.3042232096195221,-4.405490875244141,14.290511131286621,0.7996633648872375,0.272938996553421,8.396465301513672,-0.028378253802657127,-0.003197549842298031,0.016920367255806923,1008.841796875,36.7650146484375,24.841705322265625,2.791555643081665,0.0,0.0,0.0,0.0,0.0,42.93199920654297,21.399999618530273,30.700000762939453,19.899999618530273
6.433058738708496,-1.7407442331314087,-5.363171100616455,8.544426918029785,0.8092401623725891,0.28730419278144836,8.283937454223633,-0.027312403544783592,-0.0015987749211490154,0.013856048695743084,1008.8531494140625,36.67033004760742,24.84633445739746,-2.83353853225708,0.0,0.0,0.0,0.0,0.0,42.93199920654297,15.399999618530273,30.700000762939453,19.899999618530273
6.466476917266846,-3.177265167236328,-2.011289119720459,12.375149726867676,0.8379705548286438,0.31364041566848755,8.425195693969727,-0.031176110729575157,-0.005728943273425102,0.017053598538041115,1008.8305053710938,36.859703063964844,24.841705322265625,5.6667799949646,0.0,0.0,0.0,0.0,0.0,43.470001220703125,16.700000762939453,30.700000762939453,19.899999618530273
6.499890327453613,-5.092626571655273,-0.09592767804861069,11.417469024658203,0.7781155109405518,0.33758243918418884,8.317456245422363,-0.030376723036170006,-0.0066615622490644455,0.019984686747193336,1008.8646240234375,36.574256896972656,24.837078094482422,-8.542916297912598,0.0,0.0,0.0,0.0,0.0,43.470001220703125,15.399999618530273,30.700000762939453,19.899999618530273
6.533306121826172,-2.2195844650268555,0.38291266560554504,8.06558609008789,0.833182156085968,0.2801215946674347,8.348581314086914,-0.027445634827017784,-0.003996937070041895,0.015721285715699196,1008.8988037109375,36.288814544677734,24.850961685180664,-8.542068481445312,0.0,0.0,0.0,0.0,0.0,43.470001220703125,15.399999618530273,30.700000762939453,19.899999618530273
6.566722393035889,-3.177265167236328,-3.447809934616089,4.7137041091918945,0.7685387134552002,0.2609679698944092,8.322244644165039,-0.02238284796476364,-0.0009326186846010387,0.015854516997933388,1008.8757934570312,36.48096466064453,24.84633445739746,5.750316143035889,0.0,0.0,0.0,0.0,0.0,43.470001220703125,15.399999618530273,30.700000762939453,19.899999618530273
6.600137710571289,-1.7407442331314087,-5.842011451721191,11.417469024658203,0.7852981686592102,0.2849099934101105,8.42280101776123,-0.0271791722625494,-0.0033307811245322227,0.015188361518085003,1008.8529663085938,36.67172622680664,24.841705322265625,5.708800792694092,0.0,0.0,0.0,0.0,0.0,44.007999420166016,9.100000381469727,30.700000762939453,19.899999618530273
6.6335554122924805,-2.2195844650268555,-0.09592767804861069,10.938628196716309,0.8307879567146301,0.29209259152412415,8.370128631591797,-0.02571363002061844,-0.0053292494267225266,0.015588055364787579,1008.7959594726562,37.14794921875,24.84633445739746,14.250459671020508,0.0,0.0,0.0,0.0,0.0,43.470001220703125,15.399999618530273,30.700000762939453,19.899999618530273
